{
	"info": {
		"_postman_id": "38f1a17d-e7d4-497a-af77-c886e43c5441",
		"name": "downloadPDF",
		"description": "An API Builder service",
		"schema": "https://schema.getpostman.com/json/collection/v2.1.0/collection.json"
	},
	"item": [
		{
			"name": "success",
			"event": [
				{
					"listen": "test",
					"script": {
						"exec": [
							"pm.test(\"Status code is 200\", function () {",
							"    pm.response.to.have.status(200);",
							"});",
							"pm.test(\"Content-Type is present\", function () {",
							"    pm.response.to.have.header(\"Content-Type\", \"application/pdf\");",
							"});",
							"pm.test(\"Body matches string\", function () {",
							"    pm.expect(pm.response.text()).to.include(\"%PDF\");",
							"});",
							"pm.test(\"Response time is less than 200ms\", function () {",
							"    pm.expect(pm.response.responseTime).to.be.below(200);",
							"});"
						],
						"type": "text/javascript"
					}
				}
			],
			"request": {
				"auth": {
					"type": "basic",
					"basic": [
						{
							"key": "username",
							"value": "{{apiKey}}",
							"type": "string"
						},
						{
							"key": "password",
							"value": "",
							"type": "string"
						}
					]
				},
				"method": "POST",
				"header": [
					{
						"key": "Content-Type",
						"value": "application/x-www-form-urlencoded"
					}
				],
				"body": {
					"mode": "urlencoded",
					"urlencoded": [
						{
							"key": "username",
							"value": "adipisicing do labore culpa",
							"description": "(Required) The username"
						}
					]
				},
				"url": {
					"raw": "{{baseUrl}}/download",
					"host": [
						"{{baseUrl}}"
					],
					"path": [
						"download"
					]
				}
			},
			"response": [
				{
					"name": "A PDF file",
					"originalRequest": {
						"method": "POST",
						"header": [
							{
								"description": "Added as a part of security scheme: basic",
								"key": "Authorization",
								"value": "Basic <credentials>"
							}
						],
						"body": {
							"mode": "urlencoded",
							"urlencoded": [
								{
									"key": "username",
									"value": "adipisicing do labore culpa",
									"description": "(Required) The username"
								}
							]
						},
						"url": {
							"raw": "{{baseUrl}}/download",
							"host": [
								"{{baseUrl}}"
							],
							"path": [
								"download"
							]
						}
					},
					"status": "OK",
					"code": 200,
					"_postman_previewlanguage": "text",
					"header": [
						{
							"key": "Content-Type",
							"value": "application/pdf"
						}
					],
					"cookie": [],
					"body": "Ut aute"
				},
				{
					"name": "bad request",
					"originalRequest": {
						"method": "POST",
						"header": [
							{
								"description": "Added as a part of security scheme: basic",
								"key": "Authorization",
								"value": "Basic <credentials>"
							}
						],
						"body": {
							"mode": "urlencoded",
							"urlencoded": [
								{
									"key": "username",
									"value": "adipisicing do labore culpa",
									"description": "(Required) The username"
								}
							]
						},
						"url": {
							"raw": "{{baseUrl}}/download",
							"host": [
								"{{baseUrl}}"
							],
							"path": [
								"download"
							]
						}
					},
					"status": "Bad Request",
					"code": 400,
					"_postman_previewlanguage": "text",
					"header": [
						{
							"key": "Content-Type",
							"value": "application/pdf"
						}
					],
					"cookie": [],
					"body": ""
				},
				{
					"name": "Unauthorized",
					"originalRequest": {
						"method": "POST",
						"header": [
							{
								"description": "Added as a part of security scheme: basic",
								"key": "Authorization",
								"value": "Basic <credentials>"
							}
						],
						"body": {
							"mode": "urlencoded",
							"urlencoded": [
								{
									"key": "username",
									"value": "adipisicing do labore culpa",
									"description": "(Required) The username"
								}
							]
						},
						"url": {
							"raw": "{{baseUrl}}/download",
							"host": [
								"{{baseUrl}}"
							],
							"path": [
								"download"
							]
						}
					},
					"status": "Unauthorized",
					"code": 401,
					"_postman_previewlanguage": "text",
					"header": [
						{
							"key": "Content-Type",
							"value": "application/pdf"
						}
					],
					"cookie": [],
					"body": ""
				},
				{
					"name": "Payload too large",
					"originalRequest": {
						"method": "POST",
						"header": [
							{
								"description": "Added as a part of security scheme: basic",
								"key": "Authorization",
								"value": "Basic <credentials>"
							}
						],
						"body": {
							"mode": "urlencoded",
							"urlencoded": [
								{
									"key": "username",
									"value": "adipisicing do labore culpa",
									"description": "(Required) The username"
								}
							]
						},
						"url": {
							"raw": "{{baseUrl}}/download",
							"host": [
								"{{baseUrl}}"
							],
							"path": [
								"download"
							]
						}
					},
					"status": "Request Entity Too Large",
					"code": 413,
					"_postman_previewlanguage": "text",
					"header": [
						{
							"key": "Content-Type",
							"value": "application/pdf"
						}
					],
					"cookie": [],
					"body": ""
				}
			]
		},
		{
			"name": "bad request",
			"event": [
				{
					"listen": "test",
					"script": {
						"exec": [
							"pm.test(\"Status code is 400\", function () {",
							"    pm.response.to.have.status(400);",
							"});",
							"pm.test(\"Content-Type is present\", function () {",
							"    pm.response.to.have.header(\"Content-Type\", \"application/json; charset=utf-8\");",
							"});",
							"pm.test(\"Body matches string\", function () {",
							"    pm.expect(pm.response.json().error).to.equal('Request validation failed: Parameter (username) is required');",
							"});",
							"pm.test(\"Response time is less than 200ms\", function () {",
							"    pm.expect(pm.response.responseTime).to.be.below(200);",
							"});"
						],
						"type": "text/javascript"
					}
				}
			],
			"request": {
				"auth": {
					"type": "basic",
					"basic": [
						{
							"key": "username",
							"value": "{{apiKey}}",
							"type": "string"
						},
						{
							"key": "password",
							"value": "",
							"type": "string"
						}
					]
				},
				"method": "POST",
				"header": [
					{
						"key": "Content-Type",
						"value": "application/x-www-form-urlencoded"
					}
				],
				"body": {
					"mode": "urlencoded",
					"urlencoded": []
				},
				"url": {
					"raw": "{{baseUrl}}/download",
					"host": [
						"{{baseUrl}}"
					],
					"path": [
						"download"
					]
				}
			},
			"response": [
				{
					"name": "A PDF file",
					"originalRequest": {
						"method": "POST",
						"header": [
							{
								"description": "Added as a part of security scheme: basic",
								"key": "Authorization",
								"value": "Basic <credentials>"
							}
						],
						"body": {
							"mode": "urlencoded",
							"urlencoded": [
								{
									"key": "username",
									"value": "adipisicing do labore culpa",
									"description": "(Required) The username"
								}
							]
						},
						"url": {
							"raw": "{{baseUrl}}/download",
							"host": [
								"{{baseUrl}}"
							],
							"path": [
								"download"
							]
						}
					},
					"status": "OK",
					"code": 200,
					"_postman_previewlanguage": "text",
					"header": [
						{
							"key": "Content-Type",
							"value": "application/pdf"
						}
					],
					"cookie": [],
					"body": "Ut aute"
				},
				{
					"name": "bad request",
					"originalRequest": {
						"method": "POST",
						"header": [
							{
								"description": "Added as a part of security scheme: basic",
								"key": "Authorization",
								"value": "Basic <credentials>"
							}
						],
						"body": {
							"mode": "urlencoded",
							"urlencoded": [
								{
									"key": "username",
									"value": "adipisicing do labore culpa",
									"description": "(Required) The username"
								}
							]
						},
						"url": {
							"raw": "{{baseUrl}}/download",
							"host": [
								"{{baseUrl}}"
							],
							"path": [
								"download"
							]
						}
					},
					"status": "Bad Request",
					"code": 400,
					"_postman_previewlanguage": "text",
					"header": [
						{
							"key": "Content-Type",
							"value": "application/pdf"
						}
					],
					"cookie": [],
					"body": ""
				},
				{
					"name": "Unauthorized",
					"originalRequest": {
						"method": "POST",
						"header": [
							{
								"description": "Added as a part of security scheme: basic",
								"key": "Authorization",
								"value": "Basic <credentials>"
							}
						],
						"body": {
							"mode": "urlencoded",
							"urlencoded": [
								{
									"key": "username",
									"value": "adipisicing do labore culpa",
									"description": "(Required) The username"
								}
							]
						},
						"url": {
							"raw": "{{baseUrl}}/download",
							"host": [
								"{{baseUrl}}"
							],
							"path": [
								"download"
							]
						}
					},
					"status": "Unauthorized",
					"code": 401,
					"_postman_previewlanguage": "text",
					"header": [
						{
							"key": "Content-Type",
							"value": "application/pdf"
						}
					],
					"cookie": [],
					"body": ""
				},
				{
					"name": "Payload too large",
					"originalRequest": {
						"method": "POST",
						"header": [
							{
								"description": "Added as a part of security scheme: basic",
								"key": "Authorization",
								"value": "Basic <credentials>"
							}
						],
						"body": {
							"mode": "urlencoded",
							"urlencoded": [
								{
									"key": "username",
									"value": "adipisicing do labore culpa",
									"description": "(Required) The username"
								}
							]
						},
						"url": {
							"raw": "{{baseUrl}}/download",
							"host": [
								"{{baseUrl}}"
							],
							"path": [
								"download"
							]
						}
					},
					"status": "Request Entity Too Large",
					"code": 413,
					"_postman_previewlanguage": "text",
					"header": [
						{
							"key": "Content-Type",
							"value": "application/pdf"
						}
					],
					"cookie": [],
					"body": ""
				}
			]
		}
	],
	"auth": {
		"type": "basic",
		"basic": [
			{
				"key": "username",
				"value": "<Basic Auth Username>",
				"type": "string"
			},
			{
				"key": "password",
				"value": "<Basic Auth Password>",
				"type": "string"
			}
		]
	},
	"variable": [
		{
			"key": "baseUrl",
			"value": "http://localhost:8080/api",
			"type": "string"
		}
	]
}