{
  "x-enabled": {
    "enabled": true
  },
  "swagger": "2.0",
  "info": {
    "description": "PDF functions",
    "version": "1.0.0",
    "title": "PDF API"
  },
  "paths": {
    "/download": {
      "post": {
        "summary": "Download a PDF",
        "operationId": "downloadPDF",
        "parameters": [
          {
            "description": "The username",
            "in": "formData",
            "name": "username",
            "required": true,
            "type": "string"
          }
        ],
        "consumes": [
          "application/x-www-form-urlencoded"
        ],
        "produces": [
          "application/pdf"
        ],
        "responses": {
          "200": {
            "description": "A PDF file",
            "schema": {
              "type": "file"
            }
          },
          "400": {
            "description": "bad request",
            "schema": {}
          }
        },
        "tags": [
          "helloworld"
        ],
        "x-flow": "DownloadPDF-downloadPDF"
      }
    }
  }
}