{
	"schemaVersion": "4",
	"info": {
		"name": "DownloadPDF - post /download"
	},
	"parameter": {
		"properties": {
			"params": {
				"type": "object",
				"description": "The parameters from the endpoint."
			},
			"request": {
				"type": "object",
				"description": "The HTTP request."
			},
			"config": {
				"type": "object",
				"description": "The service's configuration"
			},
			"env": {
				"type": "object",
				"description": "The host OS environment"
			}
		},
		"additionalProperties": false,
		"required": [
			"request",
			"config",
			"env",
			"params"
		]
	},
	"start": "javascript.1",
	"nodes": {
		"javascript.1": {
			"type": "nodehandler://@axway/api-builder-plugin-fn-javascript/javascript",
			"name": "Read PDF",
			"method": "Execute",
			"parameters": [
				{
					"name": "code",
					"type": "string",
					"value": "\"const fs = require('fs');\\n  return fs.readFileSync('assets/ascii.pdf');\""
				}
			],
			"outputs": {
				"next": {
					"context": "$.pdf",
					"routes": [
						"http.1"
					],
					"metaName": "Next"
				},
				"error": {
					"context": "$.error",
					"routes": [
						"http.2"
					],
					"metaName": "Error"
				}
			},
			"metaMethod": "Execute"
		},
		"http.1": {
			"type": "nodehandler://axway-flow/http",
			"name": "200 Success",
			"method": "setresponse",
			"parameters": [
				{
					"name": "status",
					"type": "number",
					"value": "200",
					"metaName": "Status",
					"metaDescription": "The HTTP status code"
				},
				{
					"name": "body",
					"type": "jsonpath",
					"value": "$.pdf",
					"metaName": "Body",
					"metaDescription": "The response payload"
				},
				{
					"name": "headers",
					"type": "object",
					"value": "{\"content-type\":\"application/pdf\"}",
					"metaName": "Headers",
					"metaDescription": "Key-value pairs of headers"
				}
			],
			"outputs": {
				"next": {
					"context": "$.response",
					"routes": [],
					"metaName": "Next"
				}
			},
			"metaMethod": "Set HTTP Response"
		},
		"http.2": {
			"type": "nodehandler://axway-flow/http",
			"name": "400 Bad request",
			"method": "setresponse",
			"parameters": [
				{
					"name": "status",
					"type": "number",
					"value": "400",
					"metaName": "Status",
					"metaDescription": "The HTTP status code"
				}
			],
			"outputs": {
				"next": {
					"context": "$.response",
					"routes": [],
					"metaName": "Next"
				}
			},
			"metaMethod": "Set HTTP Response"
		}
	}
}